Day,Date,Weekday,Phase,Primary action,Deliverable,Owner,Dependency,Evidence / acceptance
1,2026-08-21,Friday,Emergency compliance,Create a site-wide P0 patch: remove the internal-only UK contact from the live shell and scan all public files.,Corrected header/footer patch plus literal contact scan log.,PP-WEBDEV v2.0,Management approval and production access,No prohibited contact pattern in release files.
2,2026-08-22,Saturday,Emergency compliance,Deploy the approved contact patch in a controlled maintenance window; purge page/CDN cache.,Production release record and homepage/header/footer screenshots.,Human deployer + PP-WEBDEV,Day 1 patch approved,Live homepage and shared shell expose only the approved Pakistan contact.
3,2026-08-23,Sunday,Emergency compliance,"Run a crawl smoke test after the contact release; check home, blog, destinations, legal and profile-review pages.",Post-release crawl checklist.,PP-WEBDEV,Day 2 deployment,No recurrence across sampled live URLs; no broken shell assets.
4,2026-08-24,Monday,Homepage trust repair,"Patch live homepage team, partnership and outcome wording; replace “Partner Universities” with “University Network”; remove outcome-probability language.",Claim-checked homepage HTML and deployment notes.,PP-WEBDEV + Management,Approved replacement copy,"Homepage passes contact, team, partnership and outcome-claim gates."
5,2026-08-25,Tuesday,Crawl hygiene,Remove the crawler-visible blog empty-state and manual card template from public blog.html; keep the reusable template outside the public index.,Clean blog index with one real card only.,PP-WEBDEV,A1 remains live,"No ARTICLE_TITLE, CATEGORY, “articles are being prepared,” or template tokens in fetched blog text."
6,2026-08-26,Wednesday,Indexation,"Rebuild sitemap from the real canonical inventory: destination hub, four country pages, legal pages, FAQ, blog and A1. Check canonicals and one-H1 status.",Validated sitemap.xml and URL inventory.,PP-WEBDEV,All target URLs return a publishable response,Every live canonical page appears once; no template/staging URLs.
7,2026-08-27,Thursday,Measurement baseline,"Confirm Search Console ownership, GA4 decision and conversion-event contract. Keep tracker blank if approval/ID is absent.",Baseline measurement sheet and access/dependency log.,Management + PP-WEBDEV,Management account access,GSC baseline recorded; analytics status explicitly configured or documented as inactive.
8,2026-08-28,Friday,Destination cluster,"Audit the four country pages for canonical, H1, reviewed date, official-source coverage, schema and internal links.",Country-page issue register.,PP-WEBDEV visibility-first,Live country pages,"One exact patch list per country, prioritised P0–P2."
9,2026-08-29,Saturday,A1 distribution,"Prepare an approved A1 distribution pack: GBP excerpt, LinkedIn/Facebook summary, Instagram carousel copy and X answer capsule.",A1 social/GBP copy pack; no new factual claims.,PP-WEBDEV + Management,A1 source/status review,Every excerpt links to A1 and preserves indicative labels/caveats.
10,2026-08-30,Sunday,Editorial QA,Run official-source and date-label review on destination-page figures; quarantine claims that cannot be re-verified.,Figure/source quarantine register.,PP-WEBDEV,Current official links and approved data,Every retained changeable figure has source/date/indicative framing.
11,2026-08-31,Monday,UK page repair,"Apply the UK page patch: semantic H1/heading review, source links, answer capsule, schema parity and internal links.",Claim-checked UK page release.,PP-WEBDEV + Human deployer,Day 8 audit; management approval,"UK page passes claim, source, schema, link and mobile checks."
12,2026-09-01,Tuesday,Ireland page repair,"Apply the Ireland page patch: remove unsupported generalisations, verify finance/intake figures and add official answer capsules.",Claim-checked Ireland page release.,PP-WEBDEV + Human deployer,Day 8 audit; current official sources,"Ireland page passes claim, source, schema, link and mobile checks."
13,2026-09-02,Wednesday,Malaysia page repair,"Apply the Malaysia page patch: qualify branch-campus/recognition claims, verify EMGS/work/cost statements and source register figures.",Claim-checked Malaysia page release.,PP-WEBDEV + Human deployer,Day 8 audit; current official sources,"Malaysia page passes claim, source, schema, link and mobile checks."
14,2026-09-03,Thursday,Turkey page repair,"Apply the Turkey page patch: remove unsupported superlatives/probability language, verify Burslari/work/fee claims and link A1 bidirectionally.",Claim-checked Turkey page release and cluster link map.,PP-WEBDEV + Human deployer,Day 8 audit; current official sources,Turkey page and A1 link to each other; no unsupported outcome or acceptance-rate wording.
15,2026-09-04,Friday,A2 approval gate,Receive the approved A2 Malaysia-fees copy deck; re-check every RM/PKR figure and source within 30 days. Do not build without the deck.,Approved A2 source ledger and build-ready deck.,Pathfinder/Management + PP-WEBDEV,Approved A2 Markdown copy deck,No unresolved figure; publication date remains unset until release.
16,2026-09-05,Saturday,A2 production preparation,"Prepare A2 card, metadata, schema inputs, tables and distribution snippets without publishing on the closed-office day.",A2 release candidate and QA checklist.,PP-WEBDEV,Day 15 approval,No placeholders; all schema text matches visible draft.
17,2026-09-06,Sunday,A2 release queue,"Run no-JS, mobile, print, link and schema tests; queue Monday release rather than inventing a weekend service response.",Signed A2 release checklist.,PP-WEBDEV + Management,A2 release candidate,All release gates passed or blocker logged.
18,2026-09-07,Monday,A2 publish,"Publish A2, update featured/latest cards and sitemap, request indexing, and release approved GBP/social excerpts.","Live A2 URL, sitemap entry and distribution record.",Human deployer + PP-WEBDEV,Day 17 release approval,"A2 returns 200, is canonical, linked and included once in sitemap."
19,2026-09-08,Tuesday,A3 approval gate,Receive the approved A3 PTE-vs-IELTS deck; verify destination-by-destination acceptance notes against current institution/official information.,A3 acceptance matrix and approved deck.,Pathfinder/Management + PP-WEBDEV,Approved A3 Markdown copy deck,"Each acceptance statement is dated, scoped and non-universal."
20,2026-09-09,Wednesday,A3 build,"Build A3 with comparison table, answer capsules, FAQ parity, source block and CTA events.",Self-contained A3 release candidate plus guide.,PP-WEBDEV,Day 19 approved deck,Article template contract and ≤350KB budget pass.
21,2026-09-10,Thursday,A3 publish,"Publish A3; update blog index, sitemap, related links and approved social/GBP distribution.",Live A3 URL and release record.,Human deployer + PP-WEBDEV,A3 management approval,"A3 returns 200, is canonical and linked from relevant country pages."
22,2026-09-11,Friday,AEO retrofit,"Audit A1–A3 and destination pages for genuine 40–60-word answer capsules, definitions, FAQ parity and table extractability.",AEO question-to-capsule map and implemented safe patches.,PP-WEBDEV visibility-first,A1–A3 live or blockers documented,No schema-only FAQ; answer capsules preserve caveats.
23,2026-09-12,Saturday,Performance & accessibility,"Run automated and manual 360/768/1440, keyboard, reduced-motion, print and file-size checks on the blog/destination cluster.",Accessibility/performance issue log.,PP-WEBDEV,Current production files,No P0 accessibility defect; article pages remain within the governed size budget.
24,2026-09-13,Sunday,Local entity desk audit,"Compare website NAP, GBP name/address/hours, social profiles and approved directory citations. Prepare corrections without publishing on the closed-office day.",NAP/entity consistency worksheet.,PP-WEBDEV visibility-first + Management,GBP and profile access,One approved entity string used everywhere; no internal contact/location leakage.
25,2026-09-14,Monday,Local visibility,"Apply approved GBP/profile/citation corrections and publish one useful, non-promotional GBP Q&A/post linking to the strongest live guide.",GBP/entity update log.,Management + PP-WEBDEV,Day 24 approvals,Public profiles match the entity registry; no incentivised review activity.
26,2026-09-15,Tuesday,LLMO assets,"Create review-stage llms.txt and llms-full.txt from canonical, citable pages; include data-policy and four-destination scope.",Root AI-discovery files ready for approval.,PP-WEBDEV visibility-first,Canonical inventory stable,"No unpublished, broken or non-canonical URL in either file."
27,2026-09-16,Wednesday,Crawler governance,Review robots.txt and prepare deliberate AI-crawler policy; publish only after management approves.,Validated robots.txt patch and quarterly review date.,PP-WEBDEV + Management,Crawler-policy decision,"Robots remains crawlable for search; policy is documented, not accidental."
28,2026-09-17,Thursday,Submission & discovery,Submit final sitemap in GSC; configure IndexNow/Bing if credentials are approved; request indexing for newly published URLs.,Submission log with timestamps.,Management + PP-WEBDEV,GSC/Bing access,Each new canonical URL submitted once; no staging/template URL submitted.
29,2026-09-18,Friday,AI visibility baseline,"Run the fixed visibility prompt battery across approved engines and log brand presence, cited URLs and sentiment without claiming causation.",ai_visibility_log.csv baseline and one-page findings.,PP-WEBDEV visibility-first,Approved access/manual probe process,A reproducible baseline exists for next month.
30,2026-09-19,Saturday,Monthly review,"Publish the 30-day report: completed fixes, indexed URLs, impressions/clicks if available, conversions, AI-citation baseline, blockers and next 30-day plan.",Management one-pager and next calendar.,PP-WEBDEV + Management,Days 1–29 evidence,Every KPI is sourced; no ranking or conversion claim without data.
