no,lang,slug,file,title,category,tags,date,read,url
3,en-PK,study-in-turkey-without-ielts-2026,study-in-turkey-without-ielts-2026.html,Study in Turkey Without IELTS: The Routes That Actually Exist (2026),Process & Language,turkey process,2026-08-24,6,https://pathplaza.com/blog/study-in-turkey-without-ielts-2026.html
3,ur-PK,study-in-turkey-without-ielts-2026-urdu,study-in-turkey-without-ielts-2026-urdu.html,IELTS کے بغیر ترکی میں تعلیم: اصل میں کون سے راستے موجود ہیں؟ (2026),زبان اور داخلہ,turkey process urdu,2026-08-24,6,https://pathplaza.com/blog/study-in-turkey-without-ielts-2026-urdu.html
4,en-PK,turkiye-burslari-2027-guide-pakistani-students,turkiye-burslari-2027-guide-pakistani-students.html,Türkiye Scholarships 2027: A Full-Scholarship Planning Guide for Pakistani Students,Money & Scholarships,turkey money,2026-08-24,6,https://pathplaza.com/blog/turkiye-burslari-2027-guide-pakistani-students.html
4,ur-PK,turkiye-burslari-2027-guide-pakistani-students-urdu,turkiye-burslari-2027-guide-pakistani-students-urdu.html,Türkiye Scholarships 2027: پاکستانی طلبہ کے لیے فل اسکالرشپ تیاری گائیڈ,اسکالرشپ اور بجٹ,turkey money urdu,2026-08-24,6,https://pathplaza.com/blog/turkiye-burslari-2027-guide-pakistani-students-urdu.html
5,en-PK,turkey-student-visa-processing-time-fees-pakistan,turkey-student-visa-processing-time-fees-pakistan.html,Turkey Student Visa Processing Time & Fees from Pakistan: A Real Planning Calendar (2026),Process & Visa Files,turkey process,2026-08-24,6,https://pathplaza.com/blog/turkey-student-visa-processing-time-fees-pakistan.html
5,ur-PK,turkey-student-visa-processing-time-fees-pakistan-urdu,turkey-student-visa-processing-time-fees-pakistan-urdu.html,پاکستان سے ترکی اسٹوڈنٹ ویزا: وقت، فیس اور اصل پلاننگ کیلنڈر (2026),ویزہ عمل,turkey process urdu,2026-08-24,6,https://pathplaza.com/blog/turkey-student-visa-processing-time-fees-pakistan-urdu.html
6,en-PK,ikamet-student-residence-permit-turkey-guide,ikamet-student-residence-permit-turkey-guide.html,İkamet After You Land: A Student Residence Permit Guide for 2026,Process & Visa Files,turkey process,2026-08-24,6,https://pathplaza.com/blog/ikamet-student-residence-permit-turkey-guide.html
6,ur-PK,ikamet-student-residence-permit-turkey-guide-urdu,ikamet-student-residence-permit-turkey-guide-urdu.html,ترکی پہنچنے کے بعد İkamet: طالب علم کی اقامت کی آسان گائیڈ (2026),اقامت اور عمل,turkey process urdu,2026-08-24,6,https://pathplaza.com/blog/ikamet-student-residence-permit-turkey-guide-urdu.html
7,en-PK,denklik-attestation-documents-turkey-pakistani-students,denklik-attestation-documents-turkey-pakistani-students.html,Denklik & Attestation: How Pakistani Documents Are Prepared for Turkey,Documents & Process,turkey process,2026-08-24,6,https://pathplaza.com/blog/denklik-attestation-documents-turkey-pakistani-students.html
7,ur-PK,denklik-attestation-documents-turkey-pakistani-students-urdu,denklik-attestation-documents-turkey-pakistani-students-urdu.html,Denklik اور اٹیسٹیشن: پاکستانی کاغذات ترکی کے لیے کیسے تیار ہوتے ہیں؟,دستاویزات,turkey process urdu,2026-08-24,6,https://pathplaza.com/blog/denklik-attestation-documents-turkey-pakistani-students-urdu.html
8,en-PK,best-cities-turkey-pakistani-students,best-cities-turkey-pakistani-students.html,Istanbul vs Ankara vs Izmir: Which Turkish City Fits a Pakistani Student’s Budget?,Money & Parents,turkey money family,2026-08-24,6,https://pathplaza.com/blog/best-cities-turkey-pakistani-students.html
8,ur-PK,best-cities-turkey-pakistani-students-urdu,best-cities-turkey-pakistani-students-urdu.html,استنبول بمقابلہ انقرہ بمقابلہ ازمیر: پاکستانی طالب علم کے بجٹ کے لیے کون سا شہر مناسب ہے؟,بجٹ اور والدین,turkey money family urdu,2026-08-24,6,https://pathplaza.com/blog/best-cities-turkey-pakistani-students-urdu.html
1,en-PK,turkey-student-visa-documents-pakistan,turkey-student-visa-documents-pakistan.html,Turkey Student Visa: A Document Checklist for Pakistani Applicants (2026),Turkey · Visa,turkey process,2026-08-21,8,https://pathplaza.com/blog/turkey-student-visa-documents-pakistan.html
1,ur-PK,turkey-student-visa-documents-pakistan-urdu,turkey-student-visa-documents-pakistan-urdu.html,ترکی اسٹوڈنٹ ویزا: پاکستانی طلبہ کی آسان دستاویزات چیک لسٹ,اردو · ترکی · ویزا,turkey process urdu,2026-08-21,8,https://pathplaza.com/blog/turkey-student-visa-documents-pakistan-urdu.html
2,en-PK,turkey-university-fees-pakistani-students-2026,turkey-university-fees-pakistani-students-2026.html,Turkey University Fees for Pakistani Students: 2026 Numbers in USD & PKR,Turkey · Money,turkey money,2026-08-21,9,https://pathplaza.com/blog/turkey-university-fees-pakistani-students-2026.html
2,ur-PK,turkey-university-fees-pakistani-students-2026-urdu,turkey-university-fees-pakistani-students-2026-urdu.html,پاکستانی طلبہ کے لیے ترکی یونیورسٹی فیس: آسان اردو رہنما,اردو · ترکی · فیس,turkey money urdu,2026-08-21,8,https://pathplaza.com/blog/turkey-university-fees-pakistani-students-2026-urdu.html
